mean_fit_time,std_fit_time,mean_score_time,std_score_time,param_colsample_bytree,param_gamma,param_learning_rate,param_max_depth,param_min_child_weight,param_n_estimators,param_nthread,param_objective,param_reg_lambda,param_seed,param_silent,param_subsample,params,split0_test_accuracy,split1_test_accuracy,split2_test_accuracy,split3_test_accuracy,split4_test_accuracy,mean_test_accuracy,std_test_accuracy,rank_test_accuracy,split0_train_accuracy,split1_train_accuracy,split2_train_accuracy,split3_train_accuracy,split4_train_accuracy,mean_train_accuracy,std_train_accuracy
65.69144191741944,2.175653371310924,0.6446181774139405,0.10023904526124744,1.0,0.001,0.05,7,5,100,10,reg:linear,1,101,1,0.9,"{'colsample_bytree': 1.0, 'gamma': 0.001, 'learning_rate': 0.05, 'max_depth': 7, 'min_child_weight': 5, 'n_estimators': 100, 'nthread': 10, 'objective': 'reg:linear', 'reg_lambda': 1, 'seed': 101, 'silent': 1, 'subsample': 0.9}",,,,,,,,1,,,,,,,
70.09714832305909,1.7570150539151306,0.5391076564788818,0.045602074605287,1.0,0.001,0.05,7,5,100,10,reg:linear,0.1,101,1,0.9,"{'colsample_bytree': 1.0, 'gamma': 0.001, 'learning_rate': 0.05, 'max_depth': 7, 'min_child_weight': 5, 'n_estimators': 100, 'nthread': 10, 'objective': 'reg:linear', 'reg_lambda': 0.1, 'seed': 101, 'silent': 1, 'subsample': 0.9}",,,,,,,,92,,,,,,,
68.89335980415345,1.356736658442319,0.6283323764801025,0.08793727676920468,1.0,0.001,0.05,7,5,100,10,reg:linear,10,101,1,0.9,"{'colsample_bytree': 1.0, 'gamma': 0.001, 'learning_rate': 0.05, 'max_depth': 7, 'min_child_weight': 5, 'n_estimators': 100, 'nthread': 10, 'objective': 'reg:linear', 'reg_lambda': 10, 'seed': 101, 'silent': 1, 'subsample': 0.9}",,,,,,,,93,,,,,,,
69.28542385101318,0.91783194400284,0.48554191589355467,0.03262099868541893,1.0,0.001,0.05,7,5,100,10,reg:linear,100,101,1,0.9,"{'colsample_bytree': 1.0, 'gamma': 0.001, 'learning_rate': 0.05, 'max_depth': 7, 'min_child_weight': 5, 'n_estimators': 100, 'nthread': 10, 'objective': 'reg:linear', 'reg_lambda': 100, 'seed': 101, 'silent': 1, 'subsample': 0.9}",,,,,,,,94,,,,,,,
100.97623310089111,2.209314361097947,0.9248939514160156,0.11210868943182563,1.0,0.001,0.05,7,5,150,10,reg:linear,1,101,1,0.9,"{'colsample_bytree': 1.0, 'gamma': 0.001, 'learning_rate': 0.05, 'max_depth': 7, 'min_child_weight': 5, 'n_estimators': 150, 'nthread': 10, 'objective': 'reg:linear', 'reg_lambda': 1, 'seed': 101, 'silent': 1, 'subsample': 0.9}",,,,,,,,95,,,,,,,
102.67428650856019,2.8997766464972887,0.7995808601379395,0.035300956193574394,1.0,0.001,0.05,7,5,150,10,reg:linear,0.1,101,1,0.9,"{'colsample_bytree': 1.0, 'gamma': 0.001, 'learning_rate': 0.05, 'max_depth': 7, 'min_child_weight': 5, 'n_estimators': 150, 'nthread': 10, 'objective': 'reg:linear', 'reg_lambda': 0.1, 'seed': 101, 'silent': 1, 'subsample': 0.9}",,,,,,,,96,,,,,,,
99.84349465370178,2.9363099514885356,0.8795984268188477,0.12009265251053249,1.0,0.001,0.05,7,5,150,10,reg:linear,10,101,1,0.9,"{'colsample_bytree': 1.0, 'gamma': 0.001, 'learning_rate': 0.05, 'max_depth': 7, 'min_child_weight': 5, 'n_estimators': 150, 'nthread': 10, 'objective': 'reg:linear', 'reg_lambda': 10, 'seed': 101, 'silent': 1, 'subsample': 0.9}",,,,,,,,97,,,,,,,
101.07210526466369,2.797894351102338,0.7967529773712159,0.06261673509361426,1.0,0.001,0.05,7,5,150,10,reg:linear,100,101,1,0.9,"{'colsample_bytree': 1.0, 'gamma': 0.001, 'learning_rate': 0.05, 'max_depth': 7, 'min_child_weight': 5, 'n_estimators': 150, 'nthread': 10, 'objective': 'reg:linear', 'reg_lambda': 100, 'seed': 101, 'silent': 1, 'subsample': 0.9}",,,,,,,,99,,,,,,,
67.71943583488465,1.1261856420599397,0.6646050930023193,0.07051801189685,1.0,0.001,0.05,7,10,100,10,reg:linear,1,101,1,0.9,"{'colsample_bytree': 1.0, 'gamma': 0.001, 'learning_rate': 0.05, 'max_depth': 7, 'min_child_weight': 10, 'n_estimators': 100, 'nthread': 10, 'objective': 'reg:linear', 'reg_lambda': 1, 'seed': 101, 'silent': 1, 'subsample': 0.9}",,,,,,,,106,,,,,,,
68.18112711906433,0.9328683265800182,0.5951113224029541,0.05331927367438685,1.0,0.001,0.05,7,10,100,10,reg:linear,0.1,101,1,0.9,"{'colsample_bytree': 1.0, 'gamma': 0.001, 'learning_rate': 0.05, 'max_depth': 7, 'min_child_weight': 10, 'n_estimators': 100, 'nthread': 10, 'objective': 'reg:linear', 'reg_lambda': 0.1, 'seed': 101, 'silent': 1, 'subsample': 0.9}",,,,,,,,100,,,,,,,
66.9344347000122,1.535744487559467,0.7090200901031494,0.043895736081960124,1.0,0.001,0.05,7,10,100,10,reg:linear,10,101,1,0.9,"{'colsample_bytree': 1.0, 'gamma': 0.001, 'learning_rate': 0.05, 'max_depth': 7, 'min_child_weight': 10, 'n_estimators': 100, 'nthread': 10, 'objective': 'reg:linear', 'reg_lambda': 10, 'seed': 101, 'silent': 1, 'subsample': 0.9}",,,,,,,,101,,,,,,,
68.79071836471557,1.9387803670019774,0.6364799022674561,0.04166936769333451,1.0,0.001,0.05,7,10,100,10,reg:linear,100,101,1,0.9,"{'colsample_bytree': 1.0, 'gamma': 0.001, 'learning_rate': 0.05, 'max_depth': 7, 'min_child_weight': 10, 'n_estimators': 100, 'nthread': 10, 'objective': 'reg:linear', 'reg_lambda': 100, 'seed': 101, 'silent': 1, 'subsample': 0.9}",,,,,,,,102,,,,,,,
97.86234889030456,2.5489507709766226,0.9479523181915284,0.04232228126308954,1.0,0.001,0.05,7,10,150,10,reg:linear,1,101,1,0.9,"{'colsample_bytree': 1.0, 'gamma': 0.001, 'learning_rate': 0.05, 'max_depth': 7, 'min_child_weight': 10, 'n_estimators': 150, 'nthread': 10, 'objective': 'reg:linear', 'reg_lambda': 1, 'seed': 101, 'silent': 1, 'subsample': 0.9}",,,,,,,,103,,,,,,,
101.15933065414428,1.9560707783501692,0.854231309890747,0.08688821923327418,1.0,0.001,0.05,7,10,150,10,reg:linear,0.1,101,1,0.9,"{'colsample_bytree': 1.0, 'gamma': 0.001, 'learning_rate': 0.05, 'max_depth': 7, 'min_child_weight': 10, 'n_estimators': 150, 'nthread': 10, 'objective': 'reg:linear', 'reg_lambda': 0.1, 'seed': 101, 'silent': 1, 'subsample': 0.9}",,,,,,,,104,,,,,,,
101.1192868232727,1.4380512921522446,0.9346935749053955,0.09468638395764142,1.0,0.001,0.05,7,10,150,10,reg:linear,10,101,1,0.9,"{'colsample_bytree': 1.0, 'gamma': 0.001, 'learning_rate': 0.05, 'max_depth': 7, 'min_child_weight': 10, 'n_estimators': 150, 'nthread': 10, 'objective': 'reg:linear', 'reg_lambda': 10, 'seed': 101, 'silent': 1, 'subsample': 0.9}",,,,,,,,105,,,,,,,
101.57376027107239,0.9770641744040808,0.8733421325683594,0.04278403377112351,1.0,0.001,0.05,7,10,150,10,reg:linear,100,101,1,0.9,"{'colsample_bytree': 1.0, 'gamma': 0.001, 'learning_rate': 0.05, 'max_depth': 7, 'min_child_weight': 10, 'n_estimators': 150, 'nthread': 10, 'objective': 'reg:linear', 'reg_lambda': 100, 'seed': 101, 'silent': 1, 'subsample': 0.9}",,,,,,,,91,,,,,,,
70.60770177841187,1.7727664807218955,0.6693995952606201,0.08234598994997372,1.0,0.001,0.05,7,20,100,10,reg:linear,1,101,1,0.9,"{'colsample_bytree': 1.0, 'gamma': 0.001, 'learning_rate': 0.05, 'max_depth': 7, 'min_child_weight': 20, 'n_estimators': 100, 'nthread': 10, 'objective': 'reg:linear', 'reg_lambda': 1, 'seed': 101, 'silent': 1, 'subsample': 0.9}",,,,,,,,98,,,,,,,
69.44453086853028,0.999462601294829,0.6640929222106934,0.06468181957011264,1.0,0.001,0.05,7,20,100,10,reg:linear,0.1,101,1,0.9,"{'colsample_bytree': 1.0, 'gamma': 0.001, 'learning_rate': 0.05, 'max_depth': 7, 'min_child_weight': 20, 'n_estimators': 100, 'nthread': 10, 'objective': 'reg:linear', 'reg_lambda': 0.1, 'seed': 101, 'silent': 1, 'subsample': 0.9}",,,,,,,,90,,,,,,,
68.41982703208923,3.009845464667132,0.6738869190216065,0.03754412068098636,1.0,0.001,0.05,7,20,100,10,reg:linear,10,101,1,0.9,"{'colsample_bytree': 1.0, 'gamma': 0.001, 'learning_rate': 0.05, 'max_depth': 7, 'min_child_weight': 20, 'n_estimators': 100, 'nthread': 10, 'objective': 'reg:linear', 'reg_lambda': 10, 'seed': 101, 'silent': 1, 'subsample': 0.9}",,,,,,,,80,,,,,,,
69.8523503780365,1.8068766078487253,0.6491031169891357,0.029819656426482388,1.0,0.001,0.05,7,20,100,10,reg:linear,100,101,1,0.9,"{'colsample_bytree': 1.0, 'gamma': 0.001, 'learning_rate': 0.05, 'max_depth': 7, 'min_child_weight': 20, 'n_estimators': 100, 'nthread': 10, 'objective': 'reg:linear', 'reg_lambda': 100, 'seed': 101, 'silent': 1, 'subsample': 0.9}",,,,,,,,74,,,,,,,
99.79254608154297,2.95928050924451,0.9749221801757812,0.044570290374914674,1.0,0.001,0.05,7,20,150,10,reg:linear,1,101,1,0.9,"{'colsample_bytree': 1.0, 'gamma': 0.001, 'learning_rate': 0.05, 'max_depth': 7, 'min_child_weight': 20, 'n_estimators': 150, 'nthread': 10, 'objective': 'reg:linear', 'reg_lambda': 1, 'seed': 101, 'silent': 1, 'subsample': 0.9}",,,,,,,,75,,,,,,,
100.99193181991578,3.1159986861706592,0.8811403751373291,0.059892002793491605,1.0,0.001,0.05,7,20,150,10,reg:linear,0.1,101,1,0.9,"{'colsample_bytree': 1.0, 'gamma': 0.001, 'learning_rate': 0.05, 'max_depth': 7, 'min_child_weight': 20, 'n_estimators': 150, 'nthread': 10, 'objective': 'reg:linear', 'reg_lambda': 0.1, 'seed': 101, 'silent': 1, 'subsample': 0.9}",,,,,,,,76,,,,,,,
100.85378322601318,1.5097565219073292,0.9627282619476318,0.0408637397654198,1.0,0.001,0.05,7,20,150,10,reg:linear,10,101,1,0.9,"{'colsample_bytree': 1.0, 'gamma': 0.001, 'learning_rate': 0.05, 'max_depth': 7, 'min_child_weight': 20, 'n_estimators': 150, 'nthread': 10, 'objective': 'reg:linear', 'reg_lambda': 10, 'seed': 101, 'silent': 1, 'subsample': 0.9}",,,,,,,,77,,,,,,,
104.38313956260681,2.8170995238982144,0.8869682788848877,0.0967613717797206,1.0,0.001,0.05,7,20,150,10,reg:linear,100,101,1,0.9,"{'colsample_bytree': 1.0, 'gamma': 0.001, 'learning_rate': 0.05, 'max_depth': 7, 'min_child_weight': 20, 'n_estimators': 150, 'nthread': 10, 'objective': 'reg:linear', 'reg_lambda': 100, 'seed': 101, 'silent': 1, 'subsample': 0.9}",,,,,,,,78,,,,,,,
102.65297961235046,2.455249045032291,0.9224199295043946,0.0867923810436166,1.0,0.001,0.05,10,5,100,10,reg:linear,1,101,1,0.9,"{'colsample_bytree': 1.0, 'gamma': 0.001, 'learning_rate': 0.05, 'max_depth': 10, 'min_child_weight': 5, 'n_estimators': 100, 'nthread': 10, 'objective': 'reg:linear', 'reg_lambda': 1, 'seed': 101, 'silent': 1, 'subsample': 0.9}",,,,,,,,79,,,,,,,
100.21242518424988,2.80442207868341,0.9037106037139893,0.07095652828823264,1.0,0.001,0.05,10,5,100,10,reg:linear,0.1,101,1,0.9,"{'colsample_bytree': 1.0, 'gamma': 0.001, 'learning_rate': 0.05, 'max_depth': 10, 'min_child_weight': 5, 'n_estimators': 100, 'nthread': 10, 'objective': 'reg:linear', 'reg_lambda': 0.1, 'seed': 101, 'silent': 1, 'subsample': 0.9}",,,,,,,,81,,,,,,,
99.74244046211243,2.3772816847326252,0.9684715747833252,0.07292622651040688,1.0,0.001,0.05,10,5,100,10,reg:linear,10,101,1,0.9,"{'colsample_bytree': 1.0, 'gamma': 0.001, 'learning_rate': 0.05, 'max_depth': 10, 'min_child_weight': 5, 'n_estimators': 100, 'nthread': 10, 'objective': 'reg:linear', 'reg_lambda': 10, 'seed': 101, 'silent': 1, 'subsample': 0.9}",,,,,,,,88,,,,,,,
100.647953748703,0.9127286814530632,0.85366849899292,0.09805810277806291,1.0,0.001,0.05,10,5,100,10,reg:linear,100,101,1,0.9,"{'colsample_bytree': 1.0, 'gamma': 0.001, 'learning_rate': 0.05, 'max_depth': 10, 'min_child_weight': 5, 'n_estimators': 100, 'nthread': 10, 'objective': 'reg:linear', 'reg_lambda': 100, 'seed': 101, 'silent': 1, 'subsample': 0.9}",,,,,,,,82,,,,,,,
145.76248478889465,2.226415954287667,1.4716285705566405,0.04304215910073105,1.0,0.001,0.05,10,5,150,10,reg:linear,1,101,1,0.9,"{'colsample_bytree': 1.0, 'gamma': 0.001, 'learning_rate': 0.05, 'max_depth': 10, 'min_child_weight': 5, 'n_estimators': 150, 'nthread': 10, 'objective': 'reg:linear', 'reg_lambda': 1, 'seed': 101, 'silent': 1, 'subsample': 0.9}",,,,,,,,83,,,,,,,
146.52077894210817,1.9098284410925896,1.5250332832336426,0.11583011795254018,1.0,0.001,0.05,10,5,150,10,reg:linear,0.1,101,1,0.9,"{'colsample_bytree': 1.0, 'gamma': 0.001, 'learning_rate': 0.05, 'max_depth': 10, 'min_child_weight': 5, 'n_estimators': 150, 'nthread': 10, 'objective': 'reg:linear', 'reg_lambda': 0.1, 'seed': 101, 'silent': 1, 'subsample': 0.9}",,,,,,,,84,,,,,,,
148.93230423927307,2.3472721695716827,1.4910802841186523,0.08615819339059173,1.0,0.001,0.05,10,5,150,10,reg:linear,10,101,1,0.9,"{'colsample_bytree': 1.0, 'gamma': 0.001, 'learning_rate': 0.05, 'max_depth': 10, 'min_child_weight': 5, 'n_estimators': 150, 'nthread': 10, 'objective': 'reg:linear', 'reg_lambda': 10, 'seed': 101, 'silent': 1, 'subsample': 0.9}",,,,,,,,85,,,,,,,
153.3682925224304,1.781929509747399,1.3472895622253418,0.16365860108546357,1.0,0.001,0.05,10,5,150,10,reg:linear,100,101,1,0.9,"{'colsample_bytree': 1.0, 'gamma': 0.001, 'learning_rate': 0.05, 'max_depth': 10, 'min_child_weight': 5, 'n_estimators': 150, 'nthread': 10, 'objective': 'reg:linear', 'reg_lambda': 100, 'seed': 101, 'silent': 1, 'subsample': 0.9}",,,,,,,,86,,,,,,,
102.76528115272522,1.7989790017103142,0.9575490951538086,0.04685563380484331,1.0,0.001,0.05,10,10,100,10,reg:linear,1,101,1,0.9,"{'colsample_bytree': 1.0, 'gamma': 0.001, 'learning_rate': 0.05, 'max_depth': 10, 'min_child_weight': 10, 'n_estimators': 100, 'nthread': 10, 'objective': 'reg:linear', 'reg_lambda': 1, 'seed': 101, 'silent': 1, 'subsample': 0.9}",,,,,,,,87,,,,,,,
101.8545585155487,1.4770871644140071,0.958000659942627,0.11361838707930316,1.0,0.001,0.05,10,10,100,10,reg:linear,0.1,101,1,0.9,"{'colsample_bytree': 1.0, 'gamma': 0.001, 'learning_rate': 0.05, 'max_depth': 10, 'min_child_weight': 10, 'n_estimators': 100, 'nthread': 10, 'objective': 'reg:linear', 'reg_lambda': 0.1, 'seed': 101, 'silent': 1, 'subsample': 0.9}",,,,,,,,89,,,,,,,
100.82688031196594,1.1803209810100785,0.9450589656829834,0.05645797699717976,1.0,0.001,0.05,10,10,100,10,reg:linear,10,101,1,0.9,"{'colsample_bytree': 1.0, 'gamma': 0.001, 'learning_rate': 0.05, 'max_depth': 10, 'min_child_weight': 10, 'n_estimators': 100, 'nthread': 10, 'objective': 'reg:linear', 'reg_lambda': 10, 'seed': 101, 'silent': 1, 'subsample': 0.9}",,,,,,,,107,,,,,,,
101.57049069404601,1.6026887403855679,0.8731812477111817,0.07176905455122656,1.0,0.001,0.05,10,10,100,10,reg:linear,100,101,1,0.9,"{'colsample_bytree': 1.0, 'gamma': 0.001, 'learning_rate': 0.05, 'max_depth': 10, 'min_child_weight': 10, 'n_estimators': 100, 'nthread': 10, 'objective': 'reg:linear', 'reg_lambda': 100, 'seed': 101, 'silent': 1, 'subsample': 0.9}",,,,,,,,108,,,,,,,
144.7430458545685,2.4807173559975304,1.5083608150482177,0.07554463543951345,1.0,0.001,0.05,10,10,150,10,reg:linear,1,101,1,0.9,"{'colsample_bytree': 1.0, 'gamma': 0.001, 'learning_rate': 0.05, 'max_depth': 10, 'min_child_weight': 10, 'n_estimators': 150, 'nthread': 10, 'objective': 'reg:linear', 'reg_lambda': 1, 'seed': 101, 'silent': 1, 'subsample': 0.9}",,,,,,,,109,,,,,,,
147.4533013343811,2.004023495014596,1.5539981365203857,0.05907216182372231,1.0,0.001,0.05,10,10,150,10,reg:linear,0.1,101,1,0.9,"{'colsample_bytree': 1.0, 'gamma': 0.001, 'learning_rate': 0.05, 'max_depth': 10, 'min_child_weight': 10, 'n_estimators': 150, 'nthread': 10, 'objective': 'reg:linear', 'reg_lambda': 0.1, 'seed': 101, 'silent': 1, 'subsample': 0.9}",,,,,,,,128,,,,,,,
146.2637845993042,2.064292022387578,1.4975234031677247,0.07380387949637288,1.0,0.001,0.05,10,10,150,10,reg:linear,10,101,1,0.9,"{'colsample_bytree': 1.0, 'gamma': 0.001, 'learning_rate': 0.05, 'max_depth': 10, 'min_child_weight': 10, 'n_estimators': 150, 'nthread': 10, 'objective': 'reg:linear', 'reg_lambda': 10, 'seed': 101, 'silent': 1, 'subsample': 0.9}",,,,,,,,129,,,,,,,
149.50849709510803,1.408754350361896,1.4223957538604737,0.14127155161501137,1.0,0.001,0.05,10,10,150,10,reg:linear,100,101,1,0.9,"{'colsample_bytree': 1.0, 'gamma': 0.001, 'learning_rate': 0.05, 'max_depth': 10, 'min_child_weight': 10, 'n_estimators': 150, 'nthread': 10, 'objective': 'reg:linear', 'reg_lambda': 100, 'seed': 101, 'silent': 1, 'subsample': 0.9}",,,,,,,,130,,,,,,,
102.52974843978882,2.1904630076630087,0.9685705661773681,0.08147056192568088,1.0,0.001,0.05,10,20,100,10,reg:linear,1,101,1,0.9,"{'colsample_bytree': 1.0, 'gamma': 0.001, 'learning_rate': 0.05, 'max_depth': 10, 'min_child_weight': 20, 'n_estimators': 100, 'nthread': 10, 'objective': 'reg:linear', 'reg_lambda': 1, 'seed': 101, 'silent': 1, 'subsample': 0.9}",,,,,,,,131,,,,,,,
101.7118984222412,2.2694528389480904,0.9979865074157714,0.06344173372421866,1.0,0.001,0.05,10,20,100,10,reg:linear,0.1,101,1,0.9,"{'colsample_bytree': 1.0, 'gamma': 0.001, 'learning_rate': 0.05, 'max_depth': 10, 'min_child_weight': 20, 'n_estimators': 100, 'nthread': 10, 'objective': 'reg:linear', 'reg_lambda': 0.1, 'seed': 101, 'silent': 1, 'subsample': 0.9}",,,,,,,,132,,,,,,,
102.75715174674988,1.3453918385802912,0.9033115386962891,0.02651030207574992,1.0,0.001,0.05,10,20,100,10,reg:linear,10,101,1,0.9,"{'colsample_bytree': 1.0, 'gamma': 0.001, 'learning_rate': 0.05, 'max_depth': 10, 'min_child_weight': 20, 'n_estimators': 100, 'nthread': 10, 'objective': 'reg:linear', 'reg_lambda': 10, 'seed': 101, 'silent': 1, 'subsample': 0.9}",,,,,,,,133,,,,,,,
101.48982372283936,1.278421455894215,0.9125393867492676,0.06739996702250546,1.0,0.001,0.05,10,20,100,10,reg:linear,100,101,1,0.9,"{'colsample_bytree': 1.0, 'gamma': 0.001, 'learning_rate': 0.05, 'max_depth': 10, 'min_child_weight': 20, 'n_estimators': 100, 'nthread': 10, 'objective': 'reg:linear', 'reg_lambda': 100, 'seed': 101, 'silent': 1, 'subsample': 0.9}",,,,,,,,134,,,,,,,
141.79952783584594,2.810255711489521,1.4474740505218506,0.07499281920736406,1.0,0.001,0.05,10,20,150,10,reg:linear,1,101,1,0.9,"{'colsample_bytree': 1.0, 'gamma': 0.001, 'learning_rate': 0.05, 'max_depth': 10, 'min_child_weight': 20, 'n_estimators': 150, 'nthread': 10, 'objective': 'reg:linear', 'reg_lambda': 1, 'seed': 101, 'silent': 1, 'subsample': 0.9}",,,,,,,,135,,,,,,,
146.96652460098267,3.6461190152403415,1.461438035964966,0.08251461160327117,1.0,0.001,0.05,10,20,150,10,reg:linear,0.1,101,1,0.9,"{'colsample_bytree': 1.0, 'gamma': 0.001, 'learning_rate': 0.05, 'max_depth': 10, 'min_child_weight': 20, 'n_estimators': 150, 'nthread': 10, 'objective': 'reg:linear', 'reg_lambda': 0.1, 'seed': 101, 'silent': 1, 'subsample': 0.9}",,,,,,,,136,,,,,,,
145.60586562156678,2.5844406274894283,1.4287719249725341,0.1389595402111082,1.0,0.001,0.05,10,20,150,10,reg:linear,10,101,1,0.9,"{'colsample_bytree': 1.0, 'gamma': 0.001, 'learning_rate': 0.05, 'max_depth': 10, 'min_child_weight': 20, 'n_estimators': 150, 'nthread': 10, 'objective': 'reg:linear', 'reg_lambda': 10, 'seed': 101, 'silent': 1, 'subsample': 0.9}",,,,,,,,137,,,,,,,
149.32404074668884,2.901845377794426,1.41396164894104,0.07589974101265415,1.0,0.001,0.05,10,20,150,10,reg:linear,100,101,1,0.9,"{'colsample_bytree': 1.0, 'gamma': 0.001, 'learning_rate': 0.05, 'max_depth': 10, 'min_child_weight': 20, 'n_estimators': 150, 'nthread': 10, 'objective': 'reg:linear', 'reg_lambda': 100, 'seed': 101, 'silent': 1, 'subsample': 0.9}",,,,,,,,138,,,,,,,
229.69138159751893,3.021029505443679,4.681792449951172,0.3151577862331181,1.0,0.001,0.05,20,5,100,10,reg:linear,1,101,1,0.9,"{'colsample_bytree': 1.0, 'gamma': 0.001, 'learning_rate': 0.05, 'max_depth': 20, 'min_child_weight': 5, 'n_estimators': 100, 'nthread': 10, 'objective': 'reg:linear', 'reg_lambda': 1, 'seed': 101, 'silent': 1, 'subsample': 0.9}",,,,,,,,139,,,,,,,
242.24039702415467,2.576778932976703,4.618590784072876,0.3084904333037577,1.0,0.001,0.05,20,5,100,10,reg:linear,0.1,101,1,0.9,"{'colsample_bytree': 1.0, 'gamma': 0.001, 'learning_rate': 0.05, 'max_depth': 20, 'min_child_weight': 5, 'n_estimators': 100, 'nthread': 10, 'objective': 'reg:linear', 'reg_lambda': 0.1, 'seed': 101, 'silent': 1, 'subsample': 0.9}",,,,,,,,140,,,,,,,
229.00923614501954,1.5510702579455014,4.098126935958862,0.2839475755150523,1.0,0.001,0.05,20,5,100,10,reg:linear,10,101,1,0.9,"{'colsample_bytree': 1.0, 'gamma': 0.001, 'learning_rate': 0.05, 'max_depth': 20, 'min_child_weight': 5, 'n_estimators': 100, 'nthread': 10, 'objective': 'reg:linear', 'reg_lambda': 10, 'seed': 101, 'silent': 1, 'subsample': 0.9}",,,,,,,,141,,,,,,,
214.18538732528685,2.6160588926445563,2.9299753189086912,0.17369956288274066,1.0,0.001,0.05,20,5,100,10,reg:linear,100,101,1,0.9,"{'colsample_bytree': 1.0, 'gamma': 0.001, 'learning_rate': 0.05, 'max_depth': 20, 'min_child_weight': 5, 'n_estimators': 100, 'nthread': 10, 'objective': 'reg:linear', 'reg_lambda': 100, 'seed': 101, 'silent': 1, 'subsample': 0.9}",,,,,,,,142,,,,,,,
324.4040921211243,3.349867780327297,7.043534755706787,0.296910871138306,1.0,0.001,0.05,20,5,150,10,reg:linear,1,101,1,0.9,"{'colsample_bytree': 1.0, 'gamma': 0.001, 'learning_rate': 0.05, 'max_depth': 20, 'min_child_weight': 5, 'n_estimators': 150, 'nthread': 10, 'objective': 'reg:linear', 'reg_lambda': 1, 'seed': 101, 'silent': 1, 'subsample': 0.9}",,,,,,,,127,,,,,,,
335.8424023151398,4.671059561160857,6.743724822998047,0.5196918384573362,1.0,0.001,0.05,20,5,150,10,reg:linear,0.1,101,1,0.9,"{'colsample_bytree': 1.0, 'gamma': 0.001, 'learning_rate': 0.05, 'max_depth': 20, 'min_child_weight': 5, 'n_estimators': 150, 'nthread': 10, 'objective': 'reg:linear', 'reg_lambda': 0.1, 'seed': 101, 'silent': 1, 'subsample': 0.9}",,,,,,,,126,,,,,,,
331.31781702041627,6.034296921341316,6.609119558334351,0.36839223338258786,1.0,0.001,0.05,20,5,150,10,reg:linear,10,101,1,0.9,"{'colsample_bytree': 1.0, 'gamma': 0.001, 'learning_rate': 0.05, 'max_depth': 20, 'min_child_weight': 5, 'n_estimators': 150, 'nthread': 10, 'objective': 'reg:linear', 'reg_lambda': 10, 'seed': 101, 'silent': 1, 'subsample': 0.9}",,,,,,,,125,,,,,,,
327.14868874549865,3.6079697887624427,4.888052845001221,0.8216085008429338,1.0,0.001,0.05,20,5,150,10,reg:linear,100,101,1,0.9,"{'colsample_bytree': 1.0, 'gamma': 0.001, 'learning_rate': 0.05, 'max_depth': 20, 'min_child_weight': 5, 'n_estimators': 150, 'nthread': 10, 'objective': 'reg:linear', 'reg_lambda': 100, 'seed': 101, 'silent': 1, 'subsample': 0.9}",,,,,,,,116,,,,,,,
223.34718732833863,5.633570224210515,4.243978643417359,0.15672674773957532,1.0,0.001,0.05,20,10,100,10,reg:linear,1,101,1,0.9,"{'colsample_bytree': 1.0, 'gamma': 0.001, 'learning_rate': 0.05, 'max_depth': 20, 'min_child_weight': 10, 'n_estimators': 100, 'nthread': 10, 'objective': 'reg:linear', 'reg_lambda': 1, 'seed': 101, 'silent': 1, 'subsample': 0.9}",,,,,,,,110,,,,,,,
226.0390175819397,3.821116219548295,3.8271065235137938,0.38647906313246144,1.0,0.001,0.05,20,10,100,10,reg:linear,0.1,101,1,0.9,"{'colsample_bytree': 1.0, 'gamma': 0.001, 'learning_rate': 0.05, 'max_depth': 20, 'min_child_weight': 10, 'n_estimators': 100, 'nthread': 10, 'objective': 'reg:linear', 'reg_lambda': 0.1, 'seed': 101, 'silent': 1, 'subsample': 0.9}",,,,,,,,111,,,,,,,
223.13161487579345,2.277015047337982,3.59435920715332,0.2856662801302919,1.0,0.001,0.05,20,10,100,10,reg:linear,10,101,1,0.9,"{'colsample_bytree': 1.0, 'gamma': 0.001, 'learning_rate': 0.05, 'max_depth': 20, 'min_child_weight': 10, 'n_estimators': 100, 'nthread': 10, 'objective': 'reg:linear', 'reg_lambda': 10, 'seed': 101, 'silent': 1, 'subsample': 0.9}",,,,,,,,112,,,,,,,
212.74821286201478,4.925654787819559,2.7337380409240724,0.10369042217368887,1.0,0.001,0.05,20,10,100,10,reg:linear,100,101,1,0.9,"{'colsample_bytree': 1.0, 'gamma': 0.001, 'learning_rate': 0.05, 'max_depth': 20, 'min_child_weight': 10, 'n_estimators': 100, 'nthread': 10, 'objective': 'reg:linear', 'reg_lambda': 100, 'seed': 101, 'silent': 1, 'subsample': 0.9}",,,,,,,,113,,,,,,,
307.85870571136473,4.784037719264221,5.9921056747436525,0.11996306329288901,1.0,0.001,0.05,20,10,150,10,reg:linear,1,101,1,0.9,"{'colsample_bytree': 1.0, 'gamma': 0.001, 'learning_rate': 0.05, 'max_depth': 20, 'min_child_weight': 10, 'n_estimators': 150, 'nthread': 10, 'objective': 'reg:linear', 'reg_lambda': 1, 'seed': 101, 'silent': 1, 'subsample': 0.9}",,,,,,,,114,,,,,,,
320.5191018104553,4.508626098526488,5.366069746017456,0.9249378790580115,1.0,0.001,0.05,20,10,150,10,reg:linear,0.1,101,1,0.9,"{'colsample_bytree': 1.0, 'gamma': 0.001, 'learning_rate': 0.05, 'max_depth': 20, 'min_child_weight': 10, 'n_estimators': 150, 'nthread': 10, 'objective': 'reg:linear', 'reg_lambda': 0.1, 'seed': 101, 'silent': 1, 'subsample': 0.9}",,,,,,,,115,,,,,,,
317.5583512306213,6.844098160433897,6.147914028167724,0.2706564813282786,1.0,0.001,0.05,20,10,150,10,reg:linear,10,101,1,0.9,"{'colsample_bytree': 1.0, 'gamma': 0.001, 'learning_rate': 0.05, 'max_depth': 20, 'min_child_weight': 10, 'n_estimators': 150, 'nthread': 10, 'objective': 'reg:linear', 'reg_lambda': 10, 'seed': 101, 'silent': 1, 'subsample': 0.9}",,,,,,,,117,,,,,,,
323.0667446136475,6.474155257837191,4.595547294616699,0.37126048501222064,1.0,0.001,0.05,20,10,150,10,reg:linear,100,101,1,0.9,"{'colsample_bytree': 1.0, 'gamma': 0.001, 'learning_rate': 0.05, 'max_depth': 20, 'min_child_weight': 10, 'n_estimators': 150, 'nthread': 10, 'objective': 'reg:linear', 'reg_lambda': 100, 'seed': 101, 'silent': 1, 'subsample': 0.9}",,,,,,,,124,,,,,,,
222.28427019119263,4.4896555987881035,3.737016725540161,0.3192190701331716,1.0,0.001,0.05,20,20,100,10,reg:linear,1,101,1,0.9,"{'colsample_bytree': 1.0, 'gamma': 0.001, 'learning_rate': 0.05, 'max_depth': 20, 'min_child_weight': 20, 'n_estimators': 100, 'nthread': 10, 'objective': 'reg:linear', 'reg_lambda': 1, 'seed': 101, 'silent': 1, 'subsample': 0.9}",,,,,,,,118,,,,,,,
220.47034163475035,1.9582927329325381,3.2870363712310793,0.33007629837439395,1.0,0.001,0.05,20,20,100,10,reg:linear,0.1,101,1,0.9,"{'colsample_bytree': 1.0, 'gamma': 0.001, 'learning_rate': 0.05, 'max_depth': 20, 'min_child_weight': 20, 'n_estimators': 100, 'nthread': 10, 'objective': 'reg:linear', 'reg_lambda': 0.1, 'seed': 101, 'silent': 1, 'subsample': 0.9}",,,,,,,,119,,,,,,,
215.23868975639343,2.140931855188541,3.2512889862060548,0.20251398417923505,1.0,0.001,0.05,20,20,100,10,reg:linear,10,101,1,0.9,"{'colsample_bytree': 1.0, 'gamma': 0.001, 'learning_rate': 0.05, 'max_depth': 20, 'min_child_weight': 20, 'n_estimators': 100, 'nthread': 10, 'objective': 'reg:linear', 'reg_lambda': 10, 'seed': 101, 'silent': 1, 'subsample': 0.9}",,,,,,,,120,,,,,,,
210.66110076904297,2.05599203205086,2.34718656539917,0.19423944323114,1.0,0.001,0.05,20,20,100,10,reg:linear,100,101,1,0.9,"{'colsample_bytree': 1.0, 'gamma': 0.001, 'learning_rate': 0.05, 'max_depth': 20, 'min_child_weight': 20, 'n_estimators': 100, 'nthread': 10, 'objective': 'reg:linear', 'reg_lambda': 100, 'seed': 101, 'silent': 1, 'subsample': 0.9}",,,,,,,,121,,,,,,,
301.75050497055054,6.267129782779692,5.397596454620361,0.32184685596095675,1.0,0.001,0.05,20,20,150,10,reg:linear,1,101,1,0.9,"{'colsample_bytree': 1.0, 'gamma': 0.001, 'learning_rate': 0.05, 'max_depth': 20, 'min_child_weight': 20, 'n_estimators': 150, 'nthread': 10, 'objective': 'reg:linear', 'reg_lambda': 1, 'seed': 101, 'silent': 1, 'subsample': 0.9}",,,,,,,,122,,,,,,,
301.73715591430664,3.9683671923210353,5.24958643913269,0.30989358714013554,1.0,0.001,0.05,20,20,150,10,reg:linear,0.1,101,1,0.9,"{'colsample_bytree': 1.0, 'gamma': 0.001, 'learning_rate': 0.05, 'max_depth': 20, 'min_child_weight': 20, 'n_estimators': 150, 'nthread': 10, 'objective': 'reg:linear', 'reg_lambda': 0.1, 'seed': 101, 'silent': 1, 'subsample': 0.9}",,,,,,,,123,,,,,,,
305.2039403915405,3.934014222347097,5.4471968650817875,0.1949972736402875,1.0,0.001,0.05,20,20,150,10,reg:linear,10,101,1,0.9,"{'colsample_bytree': 1.0, 'gamma': 0.001, 'learning_rate': 0.05, 'max_depth': 20, 'min_child_weight': 20, 'n_estimators': 150, 'nthread': 10, 'objective': 'reg:linear', 'reg_lambda': 10, 'seed': 101, 'silent': 1, 'subsample': 0.9}",,,,,,,,73,,,,,,,
317.79978556632994,4.329720667886311,4.844955348968506,0.12933089972280046,1.0,0.001,0.05,20,20,150,10,reg:linear,100,101,1,0.9,"{'colsample_bytree': 1.0, 'gamma': 0.001, 'learning_rate': 0.05, 'max_depth': 20, 'min_child_weight': 20, 'n_estimators': 150, 'nthread': 10, 'objective': 'reg:linear', 'reg_lambda': 100, 'seed': 101, 'silent': 1, 'subsample': 0.9}",,,,,,,,72,,,,,,,
69.53642716407776,0.9257537686902184,0.6981424808502197,0.04859550095837125,1.0,0.001,0.1,7,5,100,10,reg:linear,1,101,1,0.9,"{'colsample_bytree': 1.0, 'gamma': 0.001, 'learning_rate': 0.1, 'max_depth': 7, 'min_child_weight': 5, 'n_estimators': 100, 'nthread': 10, 'objective': 'reg:linear', 'reg_lambda': 1, 'seed': 101, 'silent': 1, 'subsample': 0.9}",,,,,,,,71,,,,,,,
68.86207947731017,2.2066130241895956,0.7286279678344727,0.12186730179621659,1.0,0.001,0.1,7,5,100,10,reg:linear,0.1,101,1,0.9,"{'colsample_bytree': 1.0, 'gamma': 0.001, 'learning_rate': 0.1, 'max_depth': 7, 'min_child_weight': 5, 'n_estimators': 100, 'nthread': 10, 'objective': 'reg:linear', 'reg_lambda': 0.1, 'seed': 101, 'silent': 1, 'subsample': 0.9}",,,,,,,,35,,,,,,,
67.07251901626587,1.209401090496567,0.7245316505432129,0.033432085812678654,1.0,0.001,0.1,7,5,100,10,reg:linear,10,101,1,0.9,"{'colsample_bytree': 1.0, 'gamma': 0.001, 'learning_rate': 0.1, 'max_depth': 7, 'min_child_weight': 5, 'n_estimators': 100, 'nthread': 10, 'objective': 'reg:linear', 'reg_lambda': 10, 'seed': 101, 'silent': 1, 'subsample': 0.9}",,,,,,,,20,,,,,,,
65.53331608772278,2.267838977044583,0.6968770027160645,0.03130975678807332,1.0,0.001,0.1,7,5,100,10,reg:linear,100,101,1,0.9,"{'colsample_bytree': 1.0, 'gamma': 0.001, 'learning_rate': 0.1, 'max_depth': 7, 'min_child_weight': 5, 'n_estimators': 100, 'nthread': 10, 'objective': 'reg:linear', 'reg_lambda': 100, 'seed': 101, 'silent': 1, 'subsample': 0.9}",,,,,,,,21,,,,,,,
100.39786100387573,1.698028751228636,1.0372018337249755,0.06827262935409664,1.0,0.001,0.1,7,5,150,10,reg:linear,1,101,1,0.9,"{'colsample_bytree': 1.0, 'gamma': 0.001, 'learning_rate': 0.1, 'max_depth': 7, 'min_child_weight': 5, 'n_estimators': 150, 'nthread': 10, 'objective': 'reg:linear', 'reg_lambda': 1, 'seed': 101, 'silent': 1, 'subsample': 0.9}",,,,,,,,22,,,,,,,
99.417027425766,1.8986625249103872,0.9820246219635009,0.043150112577668424,1.0,0.001,0.1,7,5,150,10,reg:linear,0.1,101,1,0.9,"{'colsample_bytree': 1.0, 'gamma': 0.001, 'learning_rate': 0.1, 'max_depth': 7, 'min_child_weight': 5, 'n_estimators': 150, 'nthread': 10, 'objective': 'reg:linear', 'reg_lambda': 0.1, 'seed': 101, 'silent': 1, 'subsample': 0.9}",,,,,,,,23,,,,,,,
99.93324666023254,2.8779523543187886,1.051519775390625,0.04932059806946864,1.0,0.001,0.1,7,5,150,10,reg:linear,10,101,1,0.9,"{'colsample_bytree': 1.0, 'gamma': 0.001, 'learning_rate': 0.1, 'max_depth': 7, 'min_child_weight': 5, 'n_estimators': 150, 'nthread': 10, 'objective': 'reg:linear', 'reg_lambda': 10, 'seed': 101, 'silent': 1, 'subsample': 0.9}",,,,,,,,24,,,,,,,
98.17787632942199,0.9768508118868301,0.9595629215240479,0.043827469519465145,1.0,0.001,0.1,7,5,150,10,reg:linear,100,101,1,0.9,"{'colsample_bytree': 1.0, 'gamma': 0.001, 'learning_rate': 0.1, 'max_depth': 7, 'min_child_weight': 5, 'n_estimators': 150, 'nthread': 10, 'objective': 'reg:linear', 'reg_lambda': 100, 'seed': 101, 'silent': 1, 'subsample': 0.9}",,,,,,,,25,,,,,,,
66.68816118240356,1.6032131783233354,0.7018037796020508,0.036588943911672535,1.0,0.001,0.1,7,10,100,10,reg:linear,1,101,1,0.9,"{'colsample_bytree': 1.0, 'gamma': 0.001, 'learning_rate': 0.1, 'max_depth': 7, 'min_child_weight': 10, 'n_estimators': 100, 'nthread': 10, 'objective': 'reg:linear', 'reg_lambda': 1, 'seed': 101, 'silent': 1, 'subsample': 0.9}",,,,,,,,27,,,,,,,
66.11798691749573,0.8377522924175498,0.7662621974945069,0.027291586074800096,1.0,0.001,0.1,7,10,100,10,reg:linear,0.1,101,1,0.9,"{'colsample_bytree': 1.0, 'gamma': 0.001, 'learning_rate': 0.1, 'max_depth': 7, 'min_child_weight': 10, 'n_estimators': 100, 'nthread': 10, 'objective': 'reg:linear', 'reg_lambda': 0.1, 'seed': 101, 'silent': 1, 'subsample': 0.9}",,,,,,,,34,,,,,,,
67.86339206695557,0.6533109164152313,0.7432778835296631,0.033099291399973176,1.0,0.001,0.1,7,10,100,10,reg:linear,10,101,1,0.9,"{'colsample_bytree': 1.0, 'gamma': 0.001, 'learning_rate': 0.1, 'max_depth': 7, 'min_child_weight': 10, 'n_estimators': 100, 'nthread': 10, 'objective': 'reg:linear', 'reg_lambda': 10, 'seed': 101, 'silent': 1, 'subsample': 0.9}",,,,,,,,28,,,,,,,
66.8340675354004,2.0207764086043833,0.7303125858306885,0.06187861247633158,1.0,0.001,0.1,7,10,100,10,reg:linear,100,101,1,0.9,"{'colsample_bytree': 1.0, 'gamma': 0.001, 'learning_rate': 0.1, 'max_depth': 7, 'min_child_weight': 10, 'n_estimators': 100, 'nthread': 10, 'objective': 'reg:linear', 'reg_lambda': 100, 'seed': 101, 'silent': 1, 'subsample': 0.9}",,,,,,,,29,,,,,,,
97.49295783042908,1.457700908848395,0.9639678955078125,0.04273781392222088,1.0,0.001,0.1,7,10,150,10,reg:linear,1,101,1,0.9,"{'colsample_bytree': 1.0, 'gamma': 0.001, 'learning_rate': 0.1, 'max_depth': 7, 'min_child_weight': 10, 'n_estimators': 150, 'nthread': 10, 'objective': 'reg:linear', 'reg_lambda': 1, 'seed': 101, 'silent': 1, 'subsample': 0.9}",,,,,,,,30,,,,,,,
97.26441073417664,1.5910728151436109,0.9873119831085205,0.05279016937988258,1.0,0.001,0.1,7,10,150,10,reg:linear,0.1,101,1,0.9,"{'colsample_bytree': 1.0, 'gamma': 0.001, 'learning_rate': 0.1, 'max_depth': 7, 'min_child_weight': 10, 'n_estimators': 150, 'nthread': 10, 'objective': 'reg:linear', 'reg_lambda': 0.1, 'seed': 101, 'silent': 1, 'subsample': 0.9}",,,,,,,,31,,,,,,,
96.40814304351807,2.541463240813104,0.9697173595428467,0.02531873852995494,1.0,0.001,0.1,7,10,150,10,reg:linear,10,101,1,0.9,"{'colsample_bytree': 1.0, 'gamma': 0.001, 'learning_rate': 0.1, 'max_depth': 7, 'min_child_weight': 10, 'n_estimators': 150, 'nthread': 10, 'objective': 'reg:linear', 'reg_lambda': 10, 'seed': 101, 'silent': 1, 'subsample': 0.9}",,,,,,,,32,,,,,,,
96.37286691665649,1.1258416302048126,0.9918795585632324,0.021605862272813605,1.0,0.001,0.1,7,10,150,10,reg:linear,100,101,1,0.9,"{'colsample_bytree': 1.0, 'gamma': 0.001, 'learning_rate': 0.1, 'max_depth': 7, 'min_child_weight': 10, 'n_estimators': 150, 'nthread': 10, 'objective': 'reg:linear', 'reg_lambda': 100, 'seed': 101, 'silent': 1, 'subsample': 0.9}",,,,,,,,33,,,,,,,
67.88723249435425,0.7264123969638759,0.7157859325408935,0.048462756292271036,1.0,0.001,0.1,7,20,100,10,reg:linear,1,101,1,0.9,"{'colsample_bytree': 1.0, 'gamma': 0.001, 'learning_rate': 0.1, 'max_depth': 7, 'min_child_weight': 20, 'n_estimators': 100, 'nthread': 10, 'objective': 'reg:linear', 'reg_lambda': 1, 'seed': 101, 'silent': 1, 'subsample': 0.9}",,,,,,,,19,,,,,,,
66.15740275382996,1.290717508908179,0.7563533306121826,0.0435960789570647,1.0,0.001,0.1,7,20,100,10,reg:linear,0.1,101,1,0.9,"{'colsample_bytree': 1.0, 'gamma': 0.001, 'learning_rate': 0.1, 'max_depth': 7, 'min_child_weight': 20, 'n_estimators': 100, 'nthread': 10, 'objective': 'reg:linear', 'reg_lambda': 0.1, 'seed': 101, 'silent': 1, 'subsample': 0.9}",,,,,,,,26,,,,,,,
66.4552439212799,1.3435921244619988,0.7222235679626465,0.04453474302497999,1.0,0.001,0.1,7,20,100,10,reg:linear,10,101,1,0.9,"{'colsample_bytree': 1.0, 'gamma': 0.001, 'learning_rate': 0.1, 'max_depth': 7, 'min_child_weight': 20, 'n_estimators': 100, 'nthread': 10, 'objective': 'reg:linear', 'reg_lambda': 10, 'seed': 101, 'silent': 1, 'subsample': 0.9}",,,,,,,,18,,,,,,,
67.61217193603515,2.241472816967914,0.6838695049285889,0.04785227919810156,1.0,0.001,0.1,7,20,100,10,reg:linear,100,101,1,0.9,"{'colsample_bytree': 1.0, 'gamma': 0.001, 'learning_rate': 0.1, 'max_depth': 7, 'min_child_weight': 20, 'n_estimators': 100, 'nthread': 10, 'objective': 'reg:linear', 'reg_lambda': 100, 'seed': 101, 'silent': 1, 'subsample': 0.9}",,,,,,,,8,,,,,,,
97.72167973518371,3.1856281004754727,0.9831013202667236,0.06225985749832349,1.0,0.001,0.1,7,20,150,10,reg:linear,1,101,1,0.9,"{'colsample_bytree': 1.0, 'gamma': 0.001, 'learning_rate': 0.1, 'max_depth': 7, 'min_child_weight': 20, 'n_estimators': 150, 'nthread': 10, 'objective': 'reg:linear', 'reg_lambda': 1, 'seed': 101, 'silent': 1, 'subsample': 0.9}",,,,,,,,2,,,,,,,
98.02175378799438,1.6016996406022599,1.0054012775421142,0.04337077544393114,1.0,0.001,0.1,7,20,150,10,reg:linear,0.1,101,1,0.9,"{'colsample_bytree': 1.0, 'gamma': 0.001, 'learning_rate': 0.1, 'max_depth': 7, 'min_child_weight': 20, 'n_estimators': 150, 'nthread': 10, 'objective': 'reg:linear', 'reg_lambda': 0.1, 'seed': 101, 'silent': 1, 'subsample': 0.9}",,,,,,,,3,,,,,,,
100.92597613334655,3.344773185738074,1.0490467548370361,0.08049696474841618,1.0,0.001,0.1,7,20,150,10,reg:linear,10,101,1,0.9,"{'colsample_bytree': 1.0, 'gamma': 0.001, 'learning_rate': 0.1, 'max_depth': 7, 'min_child_weight': 20, 'n_estimators': 150, 'nthread': 10, 'objective': 'reg:linear', 'reg_lambda': 10, 'seed': 101, 'silent': 1, 'subsample': 0.9}",,,,,,,,4,,,,,,,
98.1312463760376,2.181303957172873,0.9850918292999268,0.05290194914216272,1.0,0.001,0.1,7,20,150,10,reg:linear,100,101,1,0.9,"{'colsample_bytree': 1.0, 'gamma': 0.001, 'learning_rate': 0.1, 'max_depth': 7, 'min_child_weight': 20, 'n_estimators': 150, 'nthread': 10, 'objective': 'reg:linear', 'reg_lambda': 100, 'seed': 101, 'silent': 1, 'subsample': 0.9}",,,,,,,,5,,,,,,,
96.48475675582885,0.7318906809791866,0.9628480911254883,0.04687919558259108,1.0,0.001,0.1,10,5,100,10,reg:linear,1,101,1,0.9,"{'colsample_bytree': 1.0, 'gamma': 0.001, 'learning_rate': 0.1, 'max_depth': 10, 'min_child_weight': 5, 'n_estimators': 100, 'nthread': 10, 'objective': 'reg:linear', 'reg_lambda': 1, 'seed': 101, 'silent': 1, 'subsample': 0.9}",,,,,,,,6,,,,,,,
98.14485535621642,1.6501558392042355,0.9794915199279786,0.040659003037887866,1.0,0.001,0.1,10,5,100,10,reg:linear,0.1,101,1,0.9,"{'colsample_bytree': 1.0, 'gamma': 0.001, 'learning_rate': 0.1, 'max_depth': 10, 'min_child_weight': 5, 'n_estimators': 100, 'nthread': 10, 'objective': 'reg:linear', 'reg_lambda': 0.1, 'seed': 101, 'silent': 1, 'subsample': 0.9}",,,,,,,,7,,,,,,,
97.9815182685852,2.3604573439753618,0.9675976276397705,0.04895631202111272,1.0,0.001,0.1,10,5,100,10,reg:linear,10,101,1,0.9,"{'colsample_bytree': 1.0, 'gamma': 0.001, 'learning_rate': 0.1, 'max_depth': 10, 'min_child_weight': 5, 'n_estimators': 100, 'nthread': 10, 'objective': 'reg:linear', 'reg_lambda': 10, 'seed': 101, 'silent': 1, 'subsample': 0.9}",,,,,,,,9,,,,,,,
97.91143589019775,0.8362131605176683,0.8990493297576905,0.10462196841407946,1.0,0.001,0.1,10,5,100,10,reg:linear,100,101,1,0.9,"{'colsample_bytree': 1.0, 'gamma': 0.001, 'learning_rate': 0.1, 'max_depth': 10, 'min_child_weight': 5, 'n_estimators': 100, 'nthread': 10, 'objective': 'reg:linear', 'reg_lambda': 100, 'seed': 101, 'silent': 1, 'subsample': 0.9}",,,,,,,,16,,,,,,,
139.7975758075714,2.2493860649066466,1.5338043212890624,0.07396644817856947,1.0,0.001,0.1,10,5,150,10,reg:linear,1,101,1,0.9,"{'colsample_bytree': 1.0, 'gamma': 0.001, 'learning_rate': 0.1, 'max_depth': 10, 'min_child_weight': 5, 'n_estimators': 150, 'nthread': 10, 'objective': 'reg:linear', 'reg_lambda': 1, 'seed': 101, 'silent': 1, 'subsample': 0.9}",,,,,,,,10,,,,,,,
140.4951383590698,1.7988458253729678,1.532453680038452,0.08342858545121747,1.0,0.001,0.1,10,5,150,10,reg:linear,0.1,101,1,0.9,"{'colsample_bytree': 1.0, 'gamma': 0.001, 'learning_rate': 0.1, 'max_depth': 10, 'min_child_weight': 5, 'n_estimators': 150, 'nthread': 10, 'objective': 'reg:linear', 'reg_lambda': 0.1, 'seed': 101, 'silent': 1, 'subsample': 0.9}",,,,,,,,11,,,,,,,
143.0648446559906,2.2720843258674437,1.5309761047363282,0.08530032786869303,1.0,0.001,0.1,10,5,150,10,reg:linear,10,101,1,0.9,"{'colsample_bytree': 1.0, 'gamma': 0.001, 'learning_rate': 0.1, 'max_depth': 10, 'min_child_weight': 5, 'n_estimators': 150, 'nthread': 10, 'objective': 'reg:linear', 'reg_lambda': 10, 'seed': 101, 'silent': 1, 'subsample': 0.9}",,,,,,,,12,,,,,,,
145.0542471408844,3.2653805756740253,1.4512024879455567,0.07334072312346805,1.0,0.001,0.1,10,5,150,10,reg:linear,100,101,1,0.9,"{'colsample_bytree': 1.0, 'gamma': 0.001, 'learning_rate': 0.1, 'max_depth': 10, 'min_child_weight': 5, 'n_estimators': 150, 'nthread': 10, 'objective': 'reg:linear', 'reg_lambda': 100, 'seed': 101, 'silent': 1, 'subsample': 0.9}",,,,,,,,13,,,,,,,
98.33877124786378,1.68275066008962,0.9474345684051514,0.06296330884580183,1.0,0.001,0.1,10,10,100,10,reg:linear,1,101,1,0.9,"{'colsample_bytree': 1.0, 'gamma': 0.001, 'learning_rate': 0.1, 'max_depth': 10, 'min_child_weight': 10, 'n_estimators': 100, 'nthread': 10, 'objective': 'reg:linear', 'reg_lambda': 1, 'seed': 101, 'silent': 1, 'subsample': 0.9}",,,,,,,,14,,,,,,,
98.91606059074402,2.969869034835423,0.9536428451538086,0.051825311767533674,1.0,0.001,0.1,10,10,100,10,reg:linear,0.1,101,1,0.9,"{'colsample_bytree': 1.0, 'gamma': 0.001, 'learning_rate': 0.1, 'max_depth': 10, 'min_child_weight': 10, 'n_estimators': 100, 'nthread': 10, 'objective': 'reg:linear', 'reg_lambda': 0.1, 'seed': 101, 'silent': 1, 'subsample': 0.9}",,,,,,,,15,,,,,,,
97.30727281570435,1.9806165306814538,0.9641554355621338,0.0627974904333857,1.0,0.001,0.1,10,10,100,10,reg:linear,10,101,1,0.9,"{'colsample_bytree': 1.0, 'gamma': 0.001, 'learning_rate': 0.1, 'max_depth': 10, 'min_child_weight': 10, 'n_estimators': 100, 'nthread': 10, 'objective': 'reg:linear', 'reg_lambda': 10, 'seed': 101, 'silent': 1, 'subsample': 0.9}",,,,,,,,17,,,,,,,
99.64406685829162,1.4563454922292265,0.8779268741607666,0.08555341864966155,1.0,0.001,0.1,10,10,100,10,reg:linear,100,101,1,0.9,"{'colsample_bytree': 1.0, 'gamma': 0.001, 'learning_rate': 0.1, 'max_depth': 10, 'min_child_weight': 10, 'n_estimators': 100, 'nthread': 10, 'objective': 'reg:linear', 'reg_lambda': 100, 'seed': 101, 'silent': 1, 'subsample': 0.9}",,,,,,,,36,,,,,,,
142.15540957450867,4.379269797950376,1.3802644729614257,0.13444057214213756,1.0,0.001,0.1,10,10,150,10,reg:linear,1,101,1,0.9,"{'colsample_bytree': 1.0, 'gamma': 0.001, 'learning_rate': 0.1, 'max_depth': 10, 'min_child_weight': 10, 'n_estimators': 150, 'nthread': 10, 'objective': 'reg:linear', 'reg_lambda': 1, 'seed': 101, 'silent': 1, 'subsample': 0.9}",,,,,,,,53,,,,,,,
139.1982449054718,2.052951279748974,1.481871747970581,0.1400009176170728,1.0,0.001,0.1,10,10,150,10,reg:linear,0.1,101,1,0.9,"{'colsample_bytree': 1.0, 'gamma': 0.001, 'learning_rate': 0.1, 'max_depth': 10, 'min_child_weight': 10, 'n_estimators': 150, 'nthread': 10, 'objective': 'reg:linear', 'reg_lambda': 0.1, 'seed': 101, 'silent': 1, 'subsample': 0.9}",,,,,,,,37,,,,,,,
145.05290904045106,2.342501153038598,1.4523236751556396,0.08946061843313143,1.0,0.001,0.1,10,10,150,10,reg:linear,10,101,1,0.9,"{'colsample_bytree': 1.0, 'gamma': 0.001, 'learning_rate': 0.1, 'max_depth': 10, 'min_child_weight': 10, 'n_estimators': 150, 'nthread': 10, 'objective': 'reg:linear', 'reg_lambda': 10, 'seed': 101, 'silent': 1, 'subsample': 0.9}",,,,,,,,56,,,,,,,
145.6162618637085,2.6618610324533263,1.3976758480072022,0.07051616263766614,1.0,0.001,0.1,10,10,150,10,reg:linear,100,101,1,0.9,"{'colsample_bytree': 1.0, 'gamma': 0.001, 'learning_rate': 0.1, 'max_depth': 10, 'min_child_weight': 10, 'n_estimators': 150, 'nthread': 10, 'objective': 'reg:linear', 'reg_lambda': 100, 'seed': 101, 'silent': 1, 'subsample': 0.9}",,,,,,,,57,,,,,,,
93.78059024810791,2.714746968407947,0.878138256072998,0.0758929426937191,1.0,0.001,0.1,10,20,100,10,reg:linear,1,101,1,0.9,"{'colsample_bytree': 1.0, 'gamma': 0.001, 'learning_rate': 0.1, 'max_depth': 10, 'min_child_weight': 20, 'n_estimators': 100, 'nthread': 10, 'objective': 'reg:linear', 'reg_lambda': 1, 'seed': 101, 'silent': 1, 'subsample': 0.9}",,,,,,,,58,,,,,,,
93.79300670623779,0.8582250831862184,0.850644874572754,0.08564746063906016,1.0,0.001,0.1,10,20,100,10,reg:linear,0.1,101,1,0.9,"{'colsample_bytree': 1.0, 'gamma': 0.001, 'learning_rate': 0.1, 'max_depth': 10, 'min_child_weight': 20, 'n_estimators': 100, 'nthread': 10, 'objective': 'reg:linear', 'reg_lambda': 0.1, 'seed': 101, 'silent': 1, 'subsample': 0.9}",,,,,,,,59,,,,,,,
95.23095731735229,1.9914213918590866,0.9216731071472168,0.05308387577507077,1.0,0.001,0.1,10,20,100,10,reg:linear,10,101,1,0.9,"{'colsample_bytree': 1.0, 'gamma': 0.001, 'learning_rate': 0.1, 'max_depth': 10, 'min_child_weight': 20, 'n_estimators': 100, 'nthread': 10, 'objective': 'reg:linear', 'reg_lambda': 10, 'seed': 101, 'silent': 1, 'subsample': 0.9}",,,,,,,,60,,,,,,,
98.59457249641419,1.5034765745849659,0.8854520320892334,0.0993002412900298,1.0,0.001,0.1,10,20,100,10,reg:linear,100,101,1,0.9,"{'colsample_bytree': 1.0, 'gamma': 0.001, 'learning_rate': 0.1, 'max_depth': 10, 'min_child_weight': 20, 'n_estimators': 100, 'nthread': 10, 'objective': 'reg:linear', 'reg_lambda': 100, 'seed': 101, 'silent': 1, 'subsample': 0.9}",,,,,,,,61,,,,,,,
137.72720069885253,3.4124905657128917,1.4008949756622315,0.08082071661729402,1.0,0.001,0.1,10,20,150,10,reg:linear,1,101,1,0.9,"{'colsample_bytree': 1.0, 'gamma': 0.001, 'learning_rate': 0.1, 'max_depth': 10, 'min_child_weight': 20, 'n_estimators': 150, 'nthread': 10, 'objective': 'reg:linear', 'reg_lambda': 1, 'seed': 101, 'silent': 1, 'subsample': 0.9}",,,,,,,,63,,,,,,,
137.0134744644165,3.344228692058536,1.4066569805145264,0.07255404837983968,1.0,0.001,0.1,10,20,150,10,reg:linear,0.1,101,1,0.9,"{'colsample_bytree': 1.0, 'gamma': 0.001, 'learning_rate': 0.1, 'max_depth': 10, 'min_child_weight': 20, 'n_estimators': 150, 'nthread': 10, 'objective': 'reg:linear', 'reg_lambda': 0.1, 'seed': 101, 'silent': 1, 'subsample': 0.9}",,,,,,,,70,,,,,,,
138.07715997695922,3.2100291637615173,1.4062612056732178,0.13881234813332557,1.0,0.001,0.1,10,20,150,10,reg:linear,10,101,1,0.9,"{'colsample_bytree': 1.0, 'gamma': 0.001, 'learning_rate': 0.1, 'max_depth': 10, 'min_child_weight': 20, 'n_estimators': 150, 'nthread': 10, 'objective': 'reg:linear', 'reg_lambda': 10, 'seed': 101, 'silent': 1, 'subsample': 0.9}",,,,,,,,64,,,,,,,
140.04695768356322,1.5366664123024598,1.4058590412139893,0.09224601403405458,1.0,0.001,0.1,10,20,150,10,reg:linear,100,101,1,0.9,"{'colsample_bytree': 1.0, 'gamma': 0.001, 'learning_rate': 0.1, 'max_depth': 10, 'min_child_weight': 20, 'n_estimators': 150, 'nthread': 10, 'objective': 'reg:linear', 'reg_lambda': 100, 'seed': 101, 'silent': 1, 'subsample': 0.9}",,,,,,,,65,,,,,,,
211.51195774078369,4.766615893142123,3.5618503093719482,0.372812899687175,1.0,0.001,0.1,20,5,100,10,reg:linear,1,101,1,0.9,"{'colsample_bytree': 1.0, 'gamma': 0.001, 'learning_rate': 0.1, 'max_depth': 20, 'min_child_weight': 5, 'n_estimators': 100, 'nthread': 10, 'objective': 'reg:linear', 'reg_lambda': 1, 'seed': 101, 'silent': 1, 'subsample': 0.9}",,,,,,,,66,,,,,,,
214.7475068092346,4.3884928763344115,3.720391845703125,0.339855314638612,1.0,0.001,0.1,20,5,100,10,reg:linear,0.1,101,1,0.9,"{'colsample_bytree': 1.0, 'gamma': 0.001, 'learning_rate': 0.1, 'max_depth': 20, 'min_child_weight': 5, 'n_estimators': 100, 'nthread': 10, 'objective': 'reg:linear', 'reg_lambda': 0.1, 'seed': 101, 'silent': 1, 'subsample': 0.9}",,,,,,,,67,,,,,,,
211.61907849311828,3.085039068585053,3.543579912185669,0.12851953772868704,1.0,0.001,0.1,20,5,100,10,reg:linear,10,101,1,0.9,"{'colsample_bytree': 1.0, 'gamma': 0.001, 'learning_rate': 0.1, 'max_depth': 20, 'min_child_weight': 5, 'n_estimators': 100, 'nthread': 10, 'objective': 'reg:linear', 'reg_lambda': 10, 'seed': 101, 'silent': 1, 'subsample': 0.9}",,,,,,,,68,,,,,,,
214.05088691711427,3.38991299627883,2.9266716957092287,0.15927430741096707,1.0,0.001,0.1,20,5,100,10,reg:linear,100,101,1,0.9,"{'colsample_bytree': 1.0, 'gamma': 0.001, 'learning_rate': 0.1, 'max_depth': 20, 'min_child_weight': 5, 'n_estimators': 100, 'nthread': 10, 'objective': 'reg:linear', 'reg_lambda': 100, 'seed': 101, 'silent': 1, 'subsample': 0.9}",,,,,,,,69,,,,,,,
312.0680703639984,5.988475901067933,6.1385111808776855,0.35760269178193066,1.0,0.001,0.1,20,5,150,10,reg:linear,1,101,1,0.9,"{'colsample_bytree': 1.0, 'gamma': 0.001, 'learning_rate': 0.1, 'max_depth': 20, 'min_child_weight': 5, 'n_estimators': 150, 'nthread': 10, 'objective': 'reg:linear', 'reg_lambda': 1, 'seed': 101, 'silent': 1, 'subsample': 0.9}",,,,,,,,55,,,,,,,
315.63715567588804,3.955535902312055,6.03259973526001,0.4202261299866139,1.0,0.001,0.1,20,5,150,10,reg:linear,0.1,101,1,0.9,"{'colsample_bytree': 1.0, 'gamma': 0.001, 'learning_rate': 0.1, 'max_depth': 20, 'min_child_weight': 5, 'n_estimators': 150, 'nthread': 10, 'objective': 'reg:linear', 'reg_lambda': 0.1, 'seed': 101, 'silent': 1, 'subsample': 0.9}",,,,,,,,62,,,,,,,
310.1695110321045,3.8478010964505054,5.608675813674926,0.42383254600381925,1.0,0.001,0.1,20,5,150,10,reg:linear,10,101,1,0.9,"{'colsample_bytree': 1.0, 'gamma': 0.001, 'learning_rate': 0.1, 'max_depth': 20, 'min_child_weight': 5, 'n_estimators': 150, 'nthread': 10, 'objective': 'reg:linear', 'reg_lambda': 10, 'seed': 101, 'silent': 1, 'subsample': 0.9}",,,,,,,,54,,,,,,,
311.087824344635,3.6593679137139468,4.962917137145996,0.3016707925110613,1.0,0.001,0.1,20,5,150,10,reg:linear,100,101,1,0.9,"{'colsample_bytree': 1.0, 'gamma': 0.001, 'learning_rate': 0.1, 'max_depth': 20, 'min_child_weight': 5, 'n_estimators': 150, 'nthread': 10, 'objective': 'reg:linear', 'reg_lambda': 100, 'seed': 101, 'silent': 1, 'subsample': 0.9}",,,,,,,,44,,,,,,,
208.36097598075867,4.716091484376152,3.117538499832153,0.17187502856404463,1.0,0.001,0.1,20,10,100,10,reg:linear,1,101,1,0.9,"{'colsample_bytree': 1.0, 'gamma': 0.001, 'learning_rate': 0.1, 'max_depth': 20, 'min_child_weight': 10, 'n_estimators': 100, 'nthread': 10, 'objective': 'reg:linear', 'reg_lambda': 1, 'seed': 101, 'silent': 1, 'subsample': 0.9}",,,,,,,,38,,,,,,,
205.6041594028473,6.334249148278161,3.183738422393799,0.2751669632321223,1.0,0.001,0.1,20,10,100,10,reg:linear,0.1,101,1,0.9,"{'colsample_bytree': 1.0, 'gamma': 0.001, 'learning_rate': 0.1, 'max_depth': 20, 'min_child_weight': 10, 'n_estimators': 100, 'nthread': 10, 'objective': 'reg:linear', 'reg_lambda': 0.1, 'seed': 101, 'silent': 1, 'subsample': 0.9}",,,,,,,,39,,,,,,,
205.9876805305481,7.17873334828484,3.2033320903778075,0.15528205307127443,1.0,0.001,0.1,20,10,100,10,reg:linear,10,101,1,0.9,"{'colsample_bytree': 1.0, 'gamma': 0.001, 'learning_rate': 0.1, 'max_depth': 20, 'min_child_weight': 10, 'n_estimators': 100, 'nthread': 10, 'objective': 'reg:linear', 'reg_lambda': 10, 'seed': 101, 'silent': 1, 'subsample': 0.9}",,,,,,,,40,,,,,,,
211.80123929977418,3.787488578381417,2.7482322692871093,0.2020792877077451,1.0,0.001,0.1,20,10,100,10,reg:linear,100,101,1,0.9,"{'colsample_bytree': 1.0, 'gamma': 0.001, 'learning_rate': 0.1, 'max_depth': 20, 'min_child_weight': 10, 'n_estimators': 100, 'nthread': 10, 'objective': 'reg:linear', 'reg_lambda': 100, 'seed': 101, 'silent': 1, 'subsample': 0.9}",,,,,,,,41,,,,,,,
287.6913061618805,5.257616016625383,4.756661653518677,0.39536056763568217,1.0,0.001,0.1,20,10,150,10,reg:linear,1,101,1,0.9,"{'colsample_bytree': 1.0, 'gamma': 0.001, 'learning_rate': 0.1, 'max_depth': 20, 'min_child_weight': 10, 'n_estimators': 150, 'nthread': 10, 'objective': 'reg:linear', 'reg_lambda': 1, 'seed': 101, 'silent': 1, 'subsample': 0.9}",,,,,,,,42,,,,,,,
297.7413598060608,4.499079751989497,5.053072929382324,0.4058724013273315,1.0,0.001,0.1,20,10,150,10,reg:linear,0.1,101,1,0.9,"{'colsample_bytree': 1.0, 'gamma': 0.001, 'learning_rate': 0.1, 'max_depth': 20, 'min_child_weight': 10, 'n_estimators': 150, 'nthread': 10, 'objective': 'reg:linear', 'reg_lambda': 0.1, 'seed': 101, 'silent': 1, 'subsample': 0.9}",,,,,,,,43,,,,,,,
296.0645504951477,2.715130378182177,4.883389806747436,0.16104568974209352,1.0,0.001,0.1,20,10,150,10,reg:linear,10,101,1,0.9,"{'colsample_bytree': 1.0, 'gamma': 0.001, 'learning_rate': 0.1, 'max_depth': 20, 'min_child_weight': 10, 'n_estimators': 150, 'nthread': 10, 'objective': 'reg:linear', 'reg_lambda': 10, 'seed': 101, 'silent': 1, 'subsample': 0.9}",,,,,,,,45,,,,,,,
310.5565954685211,3.200361072097058,4.629556369781494,0.25655227321859625,1.0,0.001,0.1,20,10,150,10,reg:linear,100,101,1,0.9,"{'colsample_bytree': 1.0, 'gamma': 0.001, 'learning_rate': 0.1, 'max_depth': 20, 'min_child_weight': 10, 'n_estimators': 150, 'nthread': 10, 'objective': 'reg:linear', 'reg_lambda': 100, 'seed': 101, 'silent': 1, 'subsample': 0.9}",,,,,,,,52,,,,,,,
202.29975633621217,2.870982364410614,2.626099109649658,0.11233144323055504,1.0,0.001,0.1,20,20,100,10,reg:linear,1,101,1,0.9,"{'colsample_bytree': 1.0, 'gamma': 0.001, 'learning_rate': 0.1, 'max_depth': 20, 'min_child_weight': 20, 'n_estimators': 100, 'nthread': 10, 'objective': 'reg:linear', 'reg_lambda': 1, 'seed': 101, 'silent': 1, 'subsample': 0.9}",,,,,,,,46,,,,,,,
198.77741594314574,2.4791871643506105,2.798583173751831,0.061320041084254644,1.0,0.001,0.1,20,20,100,10,reg:linear,0.1,101,1,0.9,"{'colsample_bytree': 1.0, 'gamma': 0.001, 'learning_rate': 0.1, 'max_depth': 20, 'min_child_weight': 20, 'n_estimators': 100, 'nthread': 10, 'objective': 'reg:linear', 'reg_lambda': 0.1, 'seed': 101, 'silent': 1, 'subsample': 0.9}",,,,,,,,47,,,,,,,
200.79426074028015,1.4639479896704863,2.566283178329468,0.09711069004510609,1.0,0.001,0.1,20,20,100,10,reg:linear,10,101,1,0.9,"{'colsample_bytree': 1.0, 'gamma': 0.001, 'learning_rate': 0.1, 'max_depth': 20, 'min_child_weight': 20, 'n_estimators': 100, 'nthread': 10, 'objective': 'reg:linear', 'reg_lambda': 10, 'seed': 101, 'silent': 1, 'subsample': 0.9}",,,,,,,,48,,,,,,,
205.63211779594423,3.0361178403848377,2.5888022899627687,0.1382865151922822,1.0,0.001,0.1,20,20,100,10,reg:linear,100,101,1,0.9,"{'colsample_bytree': 1.0, 'gamma': 0.001, 'learning_rate': 0.1, 'max_depth': 20, 'min_child_weight': 20, 'n_estimators': 100, 'nthread': 10, 'objective': 'reg:linear', 'reg_lambda': 100, 'seed': 101, 'silent': 1, 'subsample': 0.9}",,,,,,,,49,,,,,,,
278.506356048584,5.269689771000027,4.178999423980713,0.10457927952436354,1.0,0.001,0.1,20,20,150,10,reg:linear,1,101,1,0.9,"{'colsample_bytree': 1.0, 'gamma': 0.001, 'learning_rate': 0.1, 'max_depth': 20, 'min_child_weight': 20, 'n_estimators': 150, 'nthread': 10, 'objective': 'reg:linear', 'reg_lambda': 1, 'seed': 101, 'silent': 1, 'subsample': 0.9}",,,,,,,,50,,,,,,,
278.92297859191893,2.094093353307404,4.163089847564697,0.19772624828744498,1.0,0.001,0.1,20,20,150,10,reg:linear,0.1,101,1,0.9,"{'colsample_bytree': 1.0, 'gamma': 0.001, 'learning_rate': 0.1, 'max_depth': 20, 'min_child_weight': 20, 'n_estimators': 150, 'nthread': 10, 'objective': 'reg:linear', 'reg_lambda': 0.1, 'seed': 101, 'silent': 1, 'subsample': 0.9}",,,,,,,,51,,,,,,,
281.92586908340456,3.1522566787057724,3.584149122238159,0.7881638102483437,1.0,0.001,0.1,20,20,150,10,reg:linear,10,101,1,0.9,"{'colsample_bytree': 1.0, 'gamma': 0.001, 'learning_rate': 0.1, 'max_depth': 20, 'min_child_weight': 20, 'n_estimators': 150, 'nthread': 10, 'objective': 'reg:linear', 'reg_lambda': 10, 'seed': 101, 'silent': 1, 'subsample': 0.9}",,,,,,,,143,,,,,,,
262.4523997306824,12.393180912115398,1.5775141716003418,0.6658254073927193,1.0,0.001,0.1,20,20,150,10,reg:linear,100,101,1,0.9,"{'colsample_bytree': 1.0, 'gamma': 0.001, 'learning_rate': 0.1, 'max_depth': 20, 'min_child_weight': 20, 'n_estimators': 150, 'nthread': 10, 'objective': 'reg:linear', 'reg_lambda': 100, 'seed': 101, 'silent': 1, 'subsample': 0.9}",,,,,,,,144,,,,,,,
